<annotation>
	<folder>engaged trolley</folder>
	<filename>83.jpg</filename>
	<path>C:\Users\prinraj\Downloads\trolley\engaged trolley\83.jpg</path>
	<source>
		<database>Unknown</database>
	</source>
	<size>
		<width>236</width>
		<height>317</height>
		<depth>3</depth>
	</size>
	<segmented>0</segmented>
	<object>
		<name>EngTrolley</name>
		<pose>Unspecified</pose>
		<truncated>0</truncated>
		<difficult>0</difficult>
		<bndbox>
			<xmin>49</xmin>
			<ymin>135</ymin>
			<xmax>184</xmax>
			<ymax>305</ymax>
		</bndbox>
	</object>
</annotation>
