<annotation>
	<folder>engaged trolley</folder>
	<filename>85.jpg</filename>
	<path>C:\Users\prinraj\Downloads\trolley\engaged trolley\85.jpg</path>
	<source>
		<database>Unknown</database>
	</source>
	<size>
		<width>750</width>
		<height>563</height>
		<depth>3</depth>
	</size>
	<segmented>0</segmented>
	<object>
		<name>EngTrolley</name>
		<pose>Unspecified</pose>
		<truncated>1</truncated>
		<difficult>0</difficult>
		<bndbox>
			<xmin>1</xmin>
			<ymin>270</ymin>
			<xmax>103</xmax>
			<ymax>488</ymax>
		</bndbox>
	</object>
	<object>
		<name>EngTrolley</name>
		<pose>Unspecified</pose>
		<truncated>0</truncated>
		<difficult>0</difficult>
		<bndbox>
			<xmin>107</xmin>
			<ymin>278</ymin>
			<xmax>246</xmax>
			<ymax>471</ymax>
		</bndbox>
	</object>
	<object>
		<name>EngTrolley</name>
		<pose>Unspecified</pose>
		<truncated>0</truncated>
		<difficult>0</difficult>
		<bndbox>
			<xmin>246</xmin>
			<ymin>269</ymin>
			<xmax>359</xmax>
			<ymax>452</ymax>
		</bndbox>
	</object>
	<object>
		<name>EngTrolley</name>
		<pose>Unspecified</pose>
		<truncated>0</truncated>
		<difficult>0</difficult>
		<bndbox>
			<xmin>328</xmin>
			<ymin>178</ymin>
			<xmax>451</xmax>
			<ymax>433</ymax>
		</bndbox>
	</object>
	<object>
		<name>EngTrolley</name>
		<pose>Unspecified</pose>
		<truncated>0</truncated>
		<difficult>0</difficult>
		<bndbox>
			<xmin>415</xmin>
			<ymin>244</ymin>
			<xmax>529</xmax>
			<ymax>423</ymax>
		</bndbox>
	</object>
	<object>
		<name>EngTrolley</name>
		<pose>Unspecified</pose>
		<truncated>0</truncated>
		<difficult>0</difficult>
		<bndbox>
			<xmin>511</xmin>
			<ymin>224</ymin>
			<xmax>612</xmax>
			<ymax>417</ymax>
		</bndbox>
	</object>
</annotation>
